,iter,eta,gamma,theta_oak,theta_pine,SDe,SDs,m,loglik
1,200,0.171974328,0.000504436,23.7764901,25.82868936,0.700884399,0.677902891,0.082378442,1508.249056
2,400,0.113244222,0.027934095,23.74998156,25.13803988,0.604541367,0.95054135,0.083232828,1498.03098
3,600,0.123433583,0.016606099,23.5252996,25.21876884,0.830776199,0.716240221,0.08274415,1506.939263
4,800,0.136371852,0.014787856,23.86017919,24.46261638,1.193527866,0.714852326,0.084226271,1490.101451
5,1000,0.15638726,0.018287939,23.62130662,25.30178288,1.170885955,0.847998452,0.085224416,1484.238346
6,1200,0.205599523,0.013831493,23.77589773,24.67017703,0.635134886,0.79662281,0.083940905,1515.950153
7,1400,0.187533774,0.005279287,23.75156166,25.06794133,0.62984134,0.641752661,0.08137431,1503.849485
8,1600,0.204790335,0.004709806,23.32493933,25.37001539,0.696936676,0.771625413,0.083908735,1491.851
9,1800,0.201957812,0.039833087,23.69565734,24.52090949,0.822601284,0.85252636,0.084764175,1480.374144
10,2000,0.261939828,0.016825669,23.50743273,24.63872853,0.913874287,0.772230578,0.081665495,1486.383
11,2200,0.279324426,0.000729818,23.91324898,24.51069587,1.001218879,0.920226267,0.086539769,1437.675411
12,2400,0.266057686,0.003183014,24.0032497,24.68259986,0.639728423,0.803919816,0.085791502,1505.951253
13,2600,0.150160101,0.012648742,24.09150539,25.43495063,0.565549132,0.925881791,0.08571495,1476.859666
14,2800,0.163205823,0.016258607,23.67273333,25.03602487,0.93205603,0.549818978,0.08311781,1504.169982
15,3000,0.114082173,0.009849357,23.55233356,25.73527809,0.863991422,0.589140157,0.084568504,1517.747961
16,3200,0.190093237,0.006241509,23.52763679,25.22813964,0.531381601,0.73967748,0.080084183,1497.699545
17,3400,0.296001395,0.014324939,23.47375556,25.00077874,0.96973135,0.679204262,0.086156358,1501.09651
18,3600,0.270012046,0.024868181,23.73958855,24.99845712,1.08018572,0.539093371,0.084282264,1504.946493
19,3800,0.25920028,0.001432798,23.92785121,24.69920887,0.826468916,0.525575349,0.08210085,1506.021139
20,4000,0.250131709,0.000801747,23.85741159,24.68033,0.643662443,0.712587576,0.084808336,1511.133488
21,4200,0.22609078,0.015068016,24.07048701,24.72323558,0.892446457,0.858173676,0.08518648,1493.079819
22,4400,0.163652901,0.007101825,23.73125602,25.14076821,0.62157717,0.872389565,0.084499065,1512.89764
23,4600,0.09474697,0.009110606,23.63859244,24.4597821,0.87922081,0.687064893,0.084236742,1500.022295
24,4800,0.072786811,0.002106219,22.66247698,27.18281369,0.608611665,0.81464094,0.085367861,1507.464115
25,5000,0.037224107,0.002696338,22.26818345,28.12525779,0.718634331,0.814121289,0.085684317,1467.340939
26,5200,0.07543299,0.00305586,22.65334123,27.09256233,0.685543476,0.67366325,0.086605961,1495.996738
27,5400,0.077705937,0.002339406,23.4237831,27.11704211,0.804730225,0.634833368,0.083658031,1519.112333
28,5600,0.144008323,0.012730601,23.6644427,25.34465551,0.591094567,0.760540034,0.084515461,1514.170647
29,5800,0.131337179,0.005701701,23.96358252,25.07584546,0.625975619,0.728713042,0.084788804,1510.969684
30,6000,0.05324248,0.027359562,23.65582894,25.39664837,0.744251688,0.784597269,0.0856025,1506.262366
31,6200,0.025204653,0.020055062,23.71318777,25.47407974,1.001873479,0.757069579,0.08323523,1496.025236
32,6400,0.045559573,0.010393878,23.71582651,25.9963375,0.716169344,0.604550555,0.082688673,1507.429146
33,6600,0.048426068,0.00494938,23.61843249,26.50568298,0.725718399,0.740021992,0.083983774,1510.90075
34,6800,0.074836512,0.011704842,23.51531906,25.64157312,1.122267965,0.622511027,0.081391562,1502.633309
35,7000,0.042593486,0.005917001,23.54816724,26.0598954,0.714901193,0.76479885,0.084332352,1513.025104
36,7200,0.098318869,0.001979911,23.73434714,25.38698839,0.553949432,0.797952187,0.083049338,1508.734376
37,7400,0.139254164,0.000759223,23.81707921,25.4635434,0.675695251,0.659694352,0.083462363,1514.295217
38,7600,0.164931717,0.001052096,23.69956143,25.36384211,0.674653077,0.66872118,0.084517305,1488.01526
39,7800,0.135733085,0.016891245,23.70336228,24.22434282,0.82013822,0.774453834,0.084352071,1496.468548
40,8000,0.219378121,0.015739173,23.1783788,25.4259303,0.774146338,0.603249515,0.081645138,1481.866654
41,8200,0.229802713,0.014971988,23.49885224,25.16305184,0.933587469,0.599993919,0.083587101,1511.612586
42,8400,0.180552418,0.004210168,23.27814249,26.11359064,1.025296253,0.509741415,0.086325266,1506.476803
43,8600,0.183019027,0.002808638,23.86462106,25.57122596,0.803433715,0.599719376,0.0841693,1503.495125
44,8800,0.191768712,0.005927347,23.41095931,25.80422793,0.811302623,0.522882729,0.084793883,1517.401496
45,9000,0.152127942,0.027827977,23.88629335,25.09913524,1.019914843,0.53537153,0.08386845,1485.477064
46,9200,0.14116124,0.004176773,23.02711092,26.92812146,0.888798025,0.518823461,0.081384749,1506.331337
47,9400,0.126818019,0.010915961,23.42331386,25.88297445,0.730760869,0.605288786,0.084202225,1514.394397
48,9600,0.088623026,0.005157943,23.25477933,26.47986604,0.677451399,0.736781061,0.083512934,1511.791882
49,9800,0.077588578,0.010345987,23.73534119,25.92760599,0.665578233,0.658268516,0.086247671,1480.184687
50,10000,0.098080119,0.019394635,23.72232682,25.488239,0.609950649,0.749572513,0.08527378,1508.672485
51,10200,0.145018951,0.002700735,23.71615025,25.37104973,0.889126795,0.500441879,0.07968745,1486.679207
52,10400,0.050214321,0.007173137,23.67327801,26.98493748,0.856456672,0.510546217,0.084613041,1511.983642
53,10600,0.09366069,0.006086492,23.83875763,26.44374437,0.993006046,0.585376694,0.085856501,1493.838399
54,10800,0.089755258,0.009729367,23.61366948,26.03800414,0.888925791,0.531384978,0.082459756,1507.886894
55,11000,0.102868287,0.009593972,23.56247021,26.4684144,0.903883618,0.558866536,0.083186314,1511.390045
56,11200,0.036785101,0.007200015,23.64396307,26.41001246,1.06455938,0.691115851,0.083132693,1500.67374
57,11400,0.056536509,0.003849091,23.68676426,27.27247799,0.817802936,0.634893577,0.081903934,1491.060446
58,11600,0.01731594,0.009759199,23.41649946,26.27578878,1.028598055,0.711715597,0.082773796,1495.400868
59,11800,0.094075502,0.011281887,23.63004961,25.09749277,0.594496867,0.829314146,0.083354922,1514.500935
60,12000,0.06412788,0.012320474,24.00298093,24.50627311,0.623404446,0.838385395,0.085490487,1492.637118
61,12200,0.075281347,0.003421827,23.75251542,25.7609153,0.571968962,0.733997284,0.082694788,1513.411479
62,12400,0.108091797,0.005869275,23.41312945,26.04025745,0.607961306,0.749219222,0.083055292,1512.379915
63,12600,0.127575455,0.003879135,23.62006994,25.54180434,0.787460378,0.605450067,0.082894933,1514.587821
64,12800,0.124289146,0.005028516,23.65777805,26.02849038,1.040102945,0.520981292,0.083025064,1505.081945
65,13000,0.167579553,0.010234181,23.4296597,25.77692029,0.755269518,0.627077783,0.085788766,1500.076437
66,13200,0.185259629,0.006127679,23.39152852,25.01649092,0.57850426,0.674031734,0.084197529,1477.252895
67,13400,0.048001523,0.019488758,23.42095031,26.02049522,0.653860496,0.808964875,0.085265342,1498.770269
68,13600,0.122990505,0.01112339,23.64443458,25.48898197,0.922640498,0.611499312,0.084855401,1513.555441
69,13800,0.081476724,0.019936423,23.68795005,25.26327472,0.719031848,0.903218286,0.083725892,1505.866932
70,14000,0.10799661,0.004956032,23.55731712,25.30499819,0.638415756,0.717976143,0.084434268,1514.216761
71,14200,0.112886372,0.016390663,23.83861891,25.15669803,0.643038136,0.819004696,0.084793183,1508.982983
72,14400,0.17125942,0.007872477,23.86147389,24.77658433,0.843220859,0.680032781,0.084640059,1499.419389
73,14600,0.184215415,0.010676385,23.51418809,25.15377996,0.892812485,0.609330767,0.081702995,1507.318394
74,14800,0.098094297,0.023924603,23.68149741,25.89719295,0.986046039,0.66976767,0.082906865,1506.769657
75,15000,0.129343568,0.00055832,23.71154049,25.26619958,0.647145111,0.857700153,0.084635308,1503.920053
76,15200,0.191435016,0.006338291,23.75150392,25.15887212,0.872953771,0.518426036,0.083131909,1508.606584
77,15400,0.176050945,0.013187784,23.65557323,25.09264801,1.002516648,0.539818554,0.081814639,1506.865851
78,15600,0.170656159,0.008304606,23.35388526,25.45932677,0.963854721,0.556694545,0.08359546,1511.336831
79,15800,0.110897816,0.008584182,23.48927591,26.16552785,1.053425084,0.510665643,0.085832035,1510.34054
80,16000,0.144474951,0.006246708,23.30497725,26.65288657,0.765278367,0.544700702,0.085501259,1482.860962
81,16200,0.081544463,0.016003816,23.53121051,25.8141231,0.860752811,0.735612646,0.084585067,1508.111825
82,16400,0.078283104,0.003318823,23.47101253,26.14338246,0.527897025,0.807555121,0.085687447,1514.375824
83,16600,0.042916242,0.002442973,23.55618636,26.51665514,0.634625962,0.761428927,0.083214476,1515.97935
84,16800,0.046101352,0.005508252,23.09378146,26.28484778,0.505170741,0.84002764,0.083001889,1500.301482
85,17000,0.058916701,0.019392565,23.57897687,25.4306782,0.59260413,0.860034013,0.085499995,1508.516584
86,17200,0.059152319,0.011127842,23.79584324,25.47735965,1.055853582,0.657580155,0.082816761,1508.068412
87,17400,0.014579705,0.026638076,23.46295376,25.44663248,1.035749956,0.596323237,0.085014125,1500.41745
88,17600,0.16229172,0.007123375,23.61834073,24.81392509,0.90960961,0.752573058,0.083261136,1509.463894
89,17800,0.200234245,0.006262401,23.7988673,24.96622692,0.795616238,0.648820253,0.083764698,1504.007563
90,18000,0.242615138,0.00620864,23.71662935,25.04059016,0.883853717,0.616625179,0.083614504,1514.032259
91,18200,0.276056583,0.003504952,23.09964557,26.30268206,0.84378559,0.535334941,0.083253307,1488.473535
92,18400,0.293494242,0.002980658,23.1879947,26.10368766,0.966353041,0.580903869,0.081831345,1495.797678
93,18600,0.267601266,0.008165878,23.1634886,25.07695434,1.007361051,0.749817522,0.085168633,1473.740399
94,18800,0.240633148,0.000309791,23.8131023,24.6969517,0.769351525,0.685126048,0.08333597,1505.916126
95,19000,0.298926016,0.007597388,23.84460779,24.9918546,0.747191687,0.554584385,0.083657463,1504.995822
96,19200,0.24667781,0.004048943,23.17889082,25.12544925,0.828957845,0.707522666,0.08475109,1498.054545
97,19400,0.25739272,0.002704755,23.55043058,25.79868681,1.258820523,0.622325661,0.085223302,1478.981058
98,19600,0.274715702,0.001934648,23.73281421,24.80297247,0.723484245,0.730527016,0.083396913,1509.196311
99,19800,0.281249359,0.021029553,23.90450229,24.48697644,0.932692819,0.83438635,0.085018029,1497.069745
100,20000,0.291933048,0.009088471,23.71575283,24.62491402,0.541162409,0.786274243,0.084189836,1516.457097
101,20200,0.29615268,0.01503828,23.85429422,24.57605704,0.686396109,0.799672255,0.084185994,1504.878874
102,20400,0.283306622,0.016574533,23.85052909,24.70490484,0.605566513,0.925802397,0.081247843,1497.303613
103,20600,0.244348774,0.002637192,23.73860073,25.16331616,0.606603742,0.782706149,0.083341747,1509.368795
104,20800,0.190802408,0.01537651,23.68870178,24.98839662,0.693135379,0.693533129,0.084957895,1510.662594
105,21000,0.169389561,0.005217004,23.50196653,24.01410405,0.689998496,0.947710298,0.083263882,1473.159963
106,21200,0.138506523,0.008099944,23.92670962,25.23925082,0.747969181,0.621448534,0.085498887,1506.42764
107,21400,0.119512428,0.00432159,23.59603,25.47113709,0.91531805,0.594302285,0.084254237,1516.056904
108,21600,0.1120226,0.008662788,23.493549,25.29454648,0.926444993,0.619936991,0.08442366,1505.800423
109,21800,0.05284284,0.016208274,23.86710451,25.33982061,0.843229649,0.643939947,0.083879021,1506.278712
110,22000,0.024818208,0.011961555,23.41695303,26.99639477,0.732350885,0.675370722,0.083145624,1507.63402
111,22200,0.019227799,0.00661797,23.08474235,27.88663428,0.524486936,0.728683046,0.086026085,1486.922707
112,22400,0.057865902,0.002794278,23.4124534,27.54114272,0.812544644,0.78634419,0.085396465,1484.49656
113,22600,0.044712869,0.007549405,23.44704333,26.21431363,0.622216704,0.821434714,0.084789427,1514.559892
114,22800,0.113177915,0.006830241,23.68188878,25.86730107,0.841742518,0.547217404,0.084079069,1511.741621
115,23000,0.135924421,0.009670854,23.61979787,25.37610404,0.571175343,0.893072584,0.081688594,1492.344055
116,23200,0.090671023,0.010252294,23.82447683,26.09913801,0.738991955,0.651664962,0.084512938,1476.421496
117,23400,0.097661085,0.003811318,23.61985011,24.87039641,0.889720851,0.627890818,0.083699704,1502.758855
118,23600,0.108401919,0.002711367,23.35339121,25.7217278,0.578821311,0.82867553,0.085581397,1495.045811
119,23800,0.145545809,0.001472072,23.60766893,25.3694212,0.509663632,0.676770545,0.085975748,1508.634372
120,24000,0.114525203,0.01004741,23.8767166,25.2733795,0.623617236,0.795208909,0.085071122,1501.696957
121,24200,0.17110106,0.011655256,23.2052501,25.51666827,0.741385798,0.590437848,0.084676355,1492.416816
122,24400,0.120154701,0.007811789,23.38404493,25.96328716,1.040889309,0.535103242,0.084939267,1512.248567
123,24600,0.160691786,0.014776036,23.60580967,25.48316495,0.756475962,0.634776781,0.083529361,1511.860948
124,24800,0.19668535,0.00786165,23.76855133,25.18077886,0.569744461,0.739607745,0.085665631,1508.651617
125,25000,0.192512564,0.011853471,23.61036966,24.82205893,0.714695068,0.753421196,0.084290981,1510.76963
126,25200,0.212030749,0.014308074,23.84209002,25.07807617,0.865608632,0.770298478,0.082123461,1499.05158
127,25400,0.180975958,0.014419609,23.8377646,25.00779262,0.577449056,0.763848501,0.088368442,1469.277976
128,25600,0.143481632,0.013776035,23.70994806,24.97066669,0.85487973,0.751290017,0.083317352,1503.966713
129,25800,0.168495574,0.004716392,23.63827437,25.62867181,0.833422296,0.534625546,0.082972515,1503.857668
130,26000,0.149725291,0.005910978,23.41206446,25.31833009,0.563711654,0.719016544,0.08122892,1500.350154
131,26200,0.090719785,0.002395701,23.85162215,24.9367922,0.693523764,0.678556377,0.084362714,1509.715468
132,26400,0.054536148,0.011455934,23.69790042,25.13083476,0.613373157,0.939298075,0.08169211,1496.73431
133,26600,0.063679925,0.002593516,23.63011348,26.01241565,0.570487758,0.800682884,0.085189754,1507.789183
134,26800,0.132637981,0.015609457,23.74907054,24.62855826,0.600879666,0.915912741,0.08319957,1502.174981
135,27000,0.174351988,0.010161803,24.11950901,25.10261083,0.690431173,0.895326226,0.084335566,1490.575432
136,27200,0.2159707,0.007434871,23.91516506,24.78153326,0.664113512,0.782819879,0.082787364,1506.89035
137,27400,0.221342735,0.010071596,23.67024593,25.09360037,0.575573425,0.76795278,0.084763252,1512.358868
138,27600,0.243055107,0.007526321,23.95012622,26.01225769,0.777755467,0.867353025,0.082028376,1452.815895
139,27800,0.148875243,0.006005055,23.95370123,25.87550276,0.779782067,0.62964743,0.08254033,1504.681931
140,28000,0.118342143,0.008731386,23.62857994,25.84283152,1.13536912,0.504795072,0.084927687,1509.612621
141,28200,0.100900327,0.009372486,23.71773073,25.74608594,0.710531615,0.749303732,0.083403486,1510.453481
142,28400,0.096439535,0.003650569,23.76001249,26.13325852,0.760138721,0.680131913,0.082662529,1505.739275
143,28600,0.119375765,0.019621239,24.05763496,24.39173384,0.914078186,0.721726826,0.084069979,1489.148894
144,28800,0.16585532,0.000993667,23.66082643,24.57919009,1.237373787,0.64244403,0.082785954,1472.826322
145,29000,0.186110608,0.010249224,23.21345391,25.27404876,0.972962763,0.733347994,0.084254548,1487.719982
146,29200,0.1406204,0.000951343,23.51864459,25.44795391,0.58218617,0.81519603,0.084760411,1507.927807
147,29400,0.132207506,0.005750405,23.66346507,25.15491339,0.57053535,0.943309386,0.083850187,1504.405039
148,29600,0.0946088,0.002037325,23.85959883,25.11395417,0.600811883,0.753301044,0.08499392,1506.0609
149,29800,0.126372359,0.009896785,23.50997022,25.5348516,0.598941877,0.7249783,0.0828168,1513.617425
150,30000,0.045789279,0.00459358,23.49476525,26.6551522,0.62594423,0.965356842,0.082555139,1468.851667
151,200,0.120026549,0.040305851,23.13324439,24.65834893,0.663686764,0.786489637,0.086279981,1425.421382
152,400,0.151556859,0.021162334,23.32263149,24.79308192,0.532258849,0.700138946,0.084904599,1477.527341
153,600,0.129390605,0.007570794,23.92365125,25.78957297,0.759970712,0.580671585,0.084649377,1504.133083
154,800,0.127478628,0.019300654,23.72903017,25.76538052,0.832142551,0.614976025,0.084073827,1510.322928
155,1000,0.131156129,0.007545512,23.64922664,24.96841364,0.600666559,0.71309672,0.082586734,1509.48812
156,1200,0.079753558,0.013658311,23.6459586,25.20170693,0.505713925,0.81833328,0.085343908,1508.034224
157,1400,0.169612893,0.002821861,23.33824543,25.66613565,0.841973627,0.683230487,0.081579755,1503.458967
158,1600,0.213640897,0.000348305,22.56675798,25.98394707,0.713568752,0.62459806,0.083988366,1518.659934
159,1800,0.203613375,0.00334001,23.83663769,24.82583554,0.639751722,0.789683776,0.085062423,1516.301809
160,2000,0.276934104,0.000590631,23.89017658,24.59976644,0.671633604,0.676587349,0.085709908,1513.286873
161,2200,0.284192965,0.014884539,23.7963968,24.69800065,0.513422372,0.8475407,0.084131011,1510.134012
162,2400,0.267130325,0.008227162,24.01200954,24.61906545,0.999966143,0.517257913,0.085710592,1503.021541
163,2600,0.290144611,0.011514495,24.21658784,24.76335543,1.106349669,0.559637196,0.083357921,1483.480182
164,2800,0.265570723,0.000401432,23.33555796,25.71765663,0.891564567,0.581998174,0.083687705,1518.221955
165,3000,0.220388008,0.021966775,23.72852433,24.51324808,0.616656238,0.838365912,0.084673669,1506.040062
166,3200,0.24878055,0.01677272,23.33093811,24.46444545,0.796386726,0.673822215,0.085368576,1485.050093
167,3400,0.207099231,0.011901109,23.46329479,25.58390375,0.871484478,0.566658153,0.082637324,1511.033204
168,3600,0.254566384,0.000129977,23.42735841,25.87198567,0.713796049,0.568595949,0.083660217,1501.979885
169,3800,0.246327914,0.00287328,23.71547805,25.12587293,0.773289202,0.580633996,0.08766087,1497.553116
170,4000,0.231012976,0.007934715,23.62633973,25.24045705,1.005353742,0.548217404,0.083101504,1518.489676
171,4200,0.24128792,0.004777065,23.86266916,24.82715536,0.890511221,0.671219151,0.083054053,1509.264527
172,4400,0.23689065,0.012838979,23.71605725,24.76440881,0.806188685,0.727071018,0.083265085,1511.480666
173,4600,0.214383608,0.008883752,23.75635319,24.800255,0.596734046,0.826167988,0.083850191,1513.611396
174,4800,0.229447302,0.010774469,23.63212392,24.91991429,0.872536814,0.507758635,0.081178433,1490.125724
175,5000,0.267804126,0.003319491,23.66976766,25.06917106,0.635794932,0.64784162,0.080999877,1505.03634
176,5200,0.192434285,0.009444882,23.55817373,25.32676957,0.714744019,0.753750581,0.083621442,1513.233198
177,5400,0.242733467,0.015996552,23.75631188,25.1608493,0.899771943,0.5885112,0.082443045,1505.866319
178,5600,0.226417592,0.003257974,23.31381273,26.03788028,0.834003296,0.515805734,0.083325937,1512.477594
179,5800,0.243246389,0.001028563,22.90454263,26.12196354,1.045529921,0.587178342,0.086310161,1499.81396
180,6000,0.234606966,0.002263876,23.49948013,25.23393649,0.951352873,0.591097737,0.083093724,1509.782171
181,6200,0.194343104,0.00550238,23.5929318,25.50136549,0.946862892,0.614153708,0.08441545,1514.314619
182,6400,0.260851827,0.004164762,22.91665687,26.22176373,0.765565401,0.507040969,0.080750184,1473.572287
183,6600,0.284922678,0.024127682,23.60324177,24.7520196,0.500170203,0.752948066,0.087294297,1475.743305
184,6800,0.218432557,0.002918429,23.8596665,24.79110878,0.524288576,0.977133564,0.085640296,1499.204649
185,7000,0.241133497,0.007424277,23.80912608,24.78785719,0.741060884,0.825574276,0.082090453,1501.617427
186,7200,0.241327994,0.003561166,23.65751127,25.05484425,0.893211344,0.650028445,0.085107287,1510.814545
187,7400,0.280893592,0.017786124,23.82012754,23.88179301,0.600025368,0.926214973,0.084929026,1483.035654
188,7600,0.296628417,0.011930714,23.94759664,24.85315277,0.72307051,0.743898476,0.08404695,1511.151299
189,7800,0.28224026,0.016164092,23.86763639,24.44084334,0.875352297,0.664693381,0.083127626,1506.050295
190,8000,0.285751689,0.006964985,23.41794984,25.17894385,0.985257106,0.591556325,0.081117141,1493.591513
191,8200,0.297774947,0.003551855,23.6368809,25.29025552,0.91006701,0.591747822,0.082793055,1515.939998
192,8400,0.243954287,0.011560187,23.51041841,25.9306635,0.822776093,0.560330714,0.085099451,1501.601666
193,8600,0.25825739,0.003575524,23.42429576,25.84254701,1.070036986,0.514975388,0.082663612,1509.766757
194,8800,0.258409844,0.008101449,23.45414509,25.68276174,0.774050716,0.656462892,0.083494229,1505.900415
195,9000,0.233879867,0.003432193,23.63534494,25.14043287,0.943203499,0.653704764,0.084868523,1513.031053
196,9200,0.203915913,0.011095545,23.81152201,24.88692012,0.907858176,0.732815444,0.086034986,1501.535601
197,9400,0.155345569,0.010777216,23.8099038,25.00685023,0.990696672,0.607320902,0.081398971,1505.528506
198,9600,0.184369603,0.006982667,23.65797246,25.75809884,0.862000284,0.513826512,0.084195629,1506.11928
199,9800,0.232584431,0.004983281,23.56815963,25.86022357,0.701011672,0.631888524,0.085021277,1502.302496
200,10000,0.211115496,0.006032314,23.34668611,25.73299688,0.851605847,0.516168317,0.082883293,1510.944449
201,10200,0.202205366,0.005302305,23.39297434,25.59055555,0.941715071,0.617468119,0.08355244,1511.641336
202,10400,0.241972427,0.009607354,23.5123785,24.96588503,0.884531107,0.723294462,0.082886606,1509.257674
203,10600,0.228530692,0.009580052,23.64062363,25.12781912,1.116490377,0.570998379,0.082252617,1506.909151
204,10800,0.172962773,0.010218085,23.54894691,25.76165628,0.916456739,0.525143247,0.083383581,1518.608147
205,11000,0.24897502,0.008477767,23.82373583,24.62446366,1.0007639,0.617631293,0.082950986,1504.666062
206,11200,0.271986599,0.010419158,23.85106949,24.7575967,0.74528646,0.782156572,0.084250833,1511.263713
207,11400,0.273841691,0.009675373,23.63458802,25.0150072,0.806715659,0.647713433,0.084537161,1511.686072
208,11600,0.238976146,0.008700627,23.64624035,24.78279142,0.774031596,0.76857943,0.084988381,1512.947854
209,11800,0.267892407,0.011288769,24.04300346,24.62936748,1.148545024,0.727551737,0.083802995,1484.079729
210,12000,0.21985422,0.014448286,23.88577166,24.93840448,0.88797989,0.698087191,0.082795829,1505.410042
211,12200,0.226981045,0.000658298,23.46184781,25.22297926,0.840440361,0.504134233,0.084735186,1509.202035
212,12400,0.167350246,0.003474672,23.76089393,25.35534356,0.812799706,0.67483991,0.083265906,1517.446289
213,12600,0.158527185,0.004454041,23.93005754,24.73255016,0.842491658,0.629101155,0.083665136,1504.902503
214,12800,0.157123024,0.006388878,23.85333075,24.80652221,0.933921471,0.567005131,0.085152432,1514.977061
215,13000,0.238215191,0.012403765,23.66771261,24.8146282,0.710698031,0.701028142,0.082947681,1505.089348
216,13200,0.168307955,0.007355231,23.79300346,24.3509715,1.015060821,0.7951165,0.083386555,1500.864172
217,13400,0.208528629,0.020676053,23.64589943,24.28420237,1.247183705,0.6743032,0.085719586,1473.507624
218,13600,0.270183934,0.012848542,23.74589395,24.76929088,1.256701624,0.553015303,0.083696955,1498.146718
219,13800,0.258259988,0.012680484,23.62081277,25.18173129,0.9486956,0.543618998,0.084420814,1515.726598
220,14000,0.288352673,0.012766669,23.69204551,25.20787752,0.685452154,0.756141923,0.082915242,1507.31693
221,14200,0.269887953,0.013794919,23.67998235,24.57481721,0.767946086,0.590788194,0.084987231,1507.797211
222,14400,0.226357437,0.00280612,23.76941075,25.01478633,0.583207979,1.027139996,0.085413898,1487.438612
223,14600,0.223323018,0.00563457,23.69968301,24.7315834,0.70801671,0.639820856,0.082024495,1506.471752
224,14800,0.237418796,0.006204267,23.51310767,24.5720618,0.562507735,0.829094729,0.083871333,1504.011415
225,15000,0.265251621,0.003540365,23.7933167,24.86000102,0.590122057,0.658886912,0.082110844,1505.991286
226,15200,0.225162965,0.028955394,23.88103308,24.63959385,0.955119888,0.583526846,0.086681,1477.108283
227,15400,0.281411244,0.009712031,23.81750823,24.82561231,1.028506603,0.661405379,0.083375348,1501.939178
228,15600,0.293294901,0.010018955,23.64128663,25.31169653,1.015392072,0.733522899,0.082959003,1496.567063
229,15800,0.284263012,0.000228429,23.55705525,25.14955202,1.091422987,0.521916127,0.084984055,1509.508313
230,16000,0.248796828,0.001043667,23.44453231,25.42845193,1.034521253,0.583643815,0.083982913,1508.870345
231,16200,0.254106525,0.015821075,23.60373973,24.66485289,0.890753964,0.584421927,0.08528564,1500.507183
232,16400,0.296247881,0.001486029,23.58011119,25.2441104,0.968884858,0.519191438,0.083893742,1502.308078
233,16600,0.24049401,0.014900385,23.77533397,25.13981285,1.229106016,0.54114332,0.084705667,1503.967108
234,16800,0.211812168,0.006306137,23.81509156,24.909817,0.932700676,0.558172026,0.084141198,1505.215688
235,17000,0.241495136,0.010004738,23.84891947,24.95156256,0.57512009,0.890953643,0.084913046,1510.015534
236,17200,0.290605998,0.000774932,23.7120484,25.53587426,0.795675299,0.758629357,0.083651537,1488.094846
237,17400,0.19331977,0.001723267,23.56896888,25.80997551,0.707287388,0.752580611,0.084885326,1502.721328
238,17600,0.176119576,0.019372185,23.71629848,24.75781953,0.877537969,0.790243249,0.083988791,1502.001075
239,17800,0.219179661,0.000162799,23.73353705,24.85960407,0.56575244,0.745211714,0.084060176,1519.095836
240,18000,0.220718461,0.007330295,23.8009548,25.32019098,0.624699259,0.733164867,0.083117748,1511.985918
241,18200,0.267606147,0.001154165,23.16974353,25.5023371,0.590872496,0.816124092,0.083695022,1498.943391
242,18400,0.26200066,0.007068593,23.73808828,24.78412597,0.712706563,0.831163133,0.084960284,1506.108225
243,18600,0.287587399,0.008881532,23.42658358,25.36686236,0.539340472,0.709829083,0.081356886,1486.848096
244,18800,0.222203733,0.003626798,23.28089594,25.66638409,0.878907924,0.524295607,0.087063325,1504.107548
245,19000,0.21057808,0.003065303,23.76459287,25.12117973,0.818101551,0.627352034,0.083985172,1517.060781
246,19200,0.217055357,0.004863186,23.58670272,25.1174394,0.602360883,0.68203735,0.086196508,1507.045073
247,19400,0.2126087,0.01154498,23.91256781,24.62115038,0.830453613,0.809666353,0.082686303,1492.010568
248,19600,0.228767259,0.01779116,23.10103863,24.8985461,1.204533823,0.504012784,0.081563726,1468.980568
249,19800,0.258569623,0.005469616,23.31979041,25.63824843,0.90045268,0.532451423,0.082749413,1494.908319
250,20000,0.219274726,0.001000514,24.02366525,25.08075068,0.947696708,0.619425167,0.086656469,1499.162663
251,20200,0.201646759,0.000339663,23.61133374,26.07264249,0.96855326,0.5140768,0.084277961,1513.602337
252,20400,0.194316109,0.002028975,22.96758141,26.67703153,1.135498526,0.514185532,0.082591818,1503.694851
253,20600,0.194533116,0.017675367,23.65407015,25.6171318,0.860178675,0.685124647,0.083994376,1500.256625
254,20800,0.212275427,0.002176315,23.73659328,25.56409394,0.639219071,0.650219494,0.080603079,1502.400761
255,21000,0.178277774,0.010186868,23.29108675,25.28358156,0.86004172,0.821674276,0.08247654,1487.417479
256,21200,0.196067268,0.009735752,23.45875615,26.26177735,0.700049536,0.581168869,0.083158406,1474.714096
257,21400,0.158184604,0.003430601,23.98085557,25.7977664,0.634909913,0.741867738,0.082654825,1485.198868
258,21600,0.177132573,0.005241002,23.5419334,25.70283905,0.673421324,0.546822904,0.082667974,1498.117149
259,21800,0.154194687,0.011369735,23.315419,25.94454273,0.983431218,0.539535208,0.084213678,1516.122579
260,22000,0.236748143,0.008011974,23.61821406,25.15496461,0.863251068,0.544921532,0.084625723,1515.123233
261,22200,0.183228521,0.013326156,23.63395971,25.10210856,0.857352744,0.626738431,0.08422586,1512.491743
262,22400,0.180214384,0.005715881,23.48867445,24.94266613,0.797809126,0.639430559,0.081503036,1496.387589
263,22600,0.169370832,0.004541353,23.9177341,25.28671418,0.781011632,0.843505144,0.086659604,1491.728682
264,22800,0.119660714,0.032039617,23.44260594,25.46120735,1.00385412,0.802647955,0.084712927,1472.321524
265,23000,0.180932981,0.007579717,23.40684568,26.21501493,1.000410451,0.518823353,0.084792886,1494.10248
266,23200,0.135801037,0.003570367,23.66047614,25.21720928,0.607774251,0.79937521,0.084426228,1514.225431
267,23400,0.166749592,0.01077125,23.78644361,25.02405527,0.772789426,0.59901551,0.082685862,1503.84669
268,23600,0.074203191,0.019868146,23.74547855,25.38405531,1.088096564,0.52776219,0.086294741,1495.633196
269,23800,0.112162238,0.012538878,23.61542475,25.55423187,0.70856295,0.752305391,0.083475067,1509.214666
270,24000,0.152227929,0.000248023,23.3473173,26.35575363,0.799688009,0.760150491,0.084620665,1503.731862
271,24200,0.120760238,0.017987974,23.7399886,25.08396027,0.935115639,0.813861996,0.084840418,1498.839611
272,24400,0.117296481,0.003634789,23.40690364,26.49399065,0.91861529,0.608335939,0.083615823,1508.199747
273,24600,0.163596161,0.009240475,23.29397133,26.47392161,0.817171181,0.51285093,0.08477592,1497.205032
274,24800,0.11528444,0.004955359,22.94439397,27.00827264,0.963038834,0.526702712,0.082932535,1511.730264
275,25000,0.058775597,0.009672945,23.64362148,26.1717276,0.625449332,0.717367063,0.085611041,1514.602595
276,25200,0.084364871,0.009440376,23.44817694,26.85960671,0.840501015,0.508441349,0.082504712,1509.481185
277,25400,0.130895571,0.001300786,23.4671654,26.19665488,0.766666958,0.63727444,0.084783053,1513.782253
278,25600,0.089859779,0.003827868,23.4067165,26.44722238,0.870948131,0.545441047,0.087106502,1507.557127
279,25800,0.098460799,0.00395818,23.48414732,25.01851313,0.545743798,0.743002988,0.086271643,1486.27874
280,26000,0.002652865,0.03501071,23.77033888,25.4344887,1.054253748,0.520330787,0.080879982,1476.708017
281,26200,0.061976249,0.019662263,23.65843088,25.19358852,0.955219372,0.603211197,0.085022384,1504.636901
282,26400,0.105566148,0.007225722,23.52003002,26.48223322,1.053432973,0.513279369,0.084916699,1488.577776
283,26600,0.108944395,0.004894729,22.32986667,27.16610229,1.084783195,0.511961909,0.085809654,1482.567145
284,26800,0.139754801,0.002842133,22.49895035,27.22597574,1.070869,0.541912255,0.082555552,1492.025409
285,27000,0.185923885,0.003391477,23.37628824,26.10294392,1.114188204,0.527536816,0.080296256,1478.225831
286,27200,0.20905185,0.011354031,23.71176264,26.15940496,0.921539856,0.505219897,0.086150009,1494.426009
287,27400,0.206086493,0.00285584,23.13321072,25.73130923,0.931195242,0.650903648,0.083539168,1505.989406
288,27600,0.244490522,0.015838408,23.78374696,24.92338235,0.86878211,0.682447567,0.085797675,1499.870499
289,27800,0.26314146,0.001058496,23.55019029,25.12721711,0.846208671,0.622565834,0.083705432,1506.732045
290,28000,0.227493784,0.002051158,23.87599188,25.20715677,0.78517352,0.559229448,0.084354194,1512.19674
291,28200,0.197657939,0.004640507,23.28874442,25.97923328,0.643375937,0.585880398,0.084573698,1513.80292
292,28400,0.183081834,0.0033556,22.72235435,26.77457644,0.952946178,0.505966924,0.082898856,1512.274659
293,28600,0.176538707,0.000286422,22.35285619,26.26606988,0.808892606,0.83872682,0.079997744,1449.543743
294,28800,0.155382997,0.002262068,22.27461396,26.11150286,1.293517303,0.532547663,0.08071774,1407.604021
295,29000,0.164906121,0.014377331,23.80592151,25.19526505,1.377885569,0.583404333,0.084100869,1487.944628
296,29200,0.134394607,0.00943134,23.73599994,25.40082965,0.974804298,0.597753091,0.085465159,1506.822452
297,29400,0.090875965,0.008679329,23.44941065,26.23611336,0.811354462,0.538765877,0.083604757,1508.312008
298,29600,0.074280936,0.015096313,23.52983779,25.21098087,0.544072839,0.805697345,0.085639431,1512.261518
299,29800,0.095762227,0.003688438,23.4966288,26.36248324,0.787483551,0.667405393,0.084379355,1508.061356
300,30000,0.099524423,0.015338581,23.55107743,25.52997383,0.770574394,0.736902905,0.084149669,1507.935489
301,200,0.164918492,0.012533994,23.819445,25.16974043,0.861196709,0.634511166,0.083973416,1507.167869
302,400,0.17834396,0.009220153,23.35813011,25.78753128,0.661719581,0.581860125,0.088599509,1465.340471
303,600,0.153266315,0.011057551,23.6966925,25.11195304,1.026404006,0.54077812,0.085016597,1509.675012
304,800,0.195182853,0.006961586,23.70420363,24.94342902,0.727929205,0.754056283,0.081294162,1501.621701
305,1000,0.174072021,0.001703353,23.63630673,25.4964881,0.66654009,0.775981741,0.081705464,1504.418257
306,1200,0.22700461,4.70E-05,23.74827549,25.33485936,0.845529874,0.611437099,0.084068929,1518.124764
307,1400,0.224257453,0.007802513,23.73166744,25.04573951,1.05070621,0.55389676,0.083745535,1508.160109
308,1600,0.200130104,0.008175166,23.3805491,26.00483154,0.848557802,0.596559306,0.082412115,1500.462587
309,1800,0.167968231,0.010192573,23.42577835,25.49255608,0.844580356,0.556100662,0.082946399,1515.218453
310,2000,0.090828296,0.012538224,24.1301798,24.33258467,1.174329645,0.599036371,0.084299791,1483.12866
311,2200,0.104947155,0.010013811,23.96952274,25.16355376,0.716982826,0.881589478,0.082776216,1493.072199
312,2400,0.12945993,0.018586527,23.70421289,24.63107298,0.502877574,0.945515254,0.08501412,1504.613625
313,2600,0.140536589,0.020635945,23.64958587,25.08375857,0.514640119,0.867227731,0.085126925,1500.93701
314,2800,0.109477955,0.000852163,23.89406313,25.71187822,0.896108037,0.688707792,0.084561369,1506.079247
315,3000,0.094092422,0.004772675,23.67168868,25.44409987,0.569829862,0.708126727,0.084115621,1510.848841
316,3200,0.144190557,0.007946092,23.52389733,25.06128176,0.767999578,0.542447135,0.086393217,1481.43206
317,3400,0.099560187,0.003710044,23.63658934,25.16954273,0.614453644,0.687929468,0.081952287,1504.335753
318,3600,0.138623831,0.012127204,23.44173164,24.95844589,0.518234878,0.701303962,0.085015681,1487.412196
319,3800,0.050057421,0.009561036,23.33051317,26.48283588,0.763631709,0.798929996,0.083055842,1496.658346
320,4000,0.126726292,0.006700205,23.05325296,26.69911854,0.818568152,0.678769962,0.084684315,1477.245914
321,4200,0.170887096,0.008834407,23.6094949,25.51617211,0.892571475,0.609793795,0.085710329,1515.779733
322,4400,0.180759849,0.006853464,23.38384072,25.84947571,0.781602721,0.593183775,0.083934235,1512.583992
323,4600,0.238649242,0.005628788,23.82099736,25.18303106,0.583504593,0.76954885,0.083461071,1509.016367
324,4800,0.277729808,0.010623954,23.75251409,23.71037706,0.8348821,0.713400811,0.086630489,1485.198212
325,5000,0.287607492,0.009584659,23.66025197,24.78217044,0.733043255,0.692064051,0.084754155,1519.119486
326,5200,0.272212826,0.001091016,23.4011468,25.56859156,0.86860591,0.59583052,0.082058682,1509.768629
327,5400,0.275639503,0.001448384,23.61382459,25.88345019,0.522381795,0.675780648,0.084756019,1509.458113
328,5600,0.269239531,0.005130676,23.21232868,26.20783891,0.780202927,0.617267661,0.080396763,1478.790789
329,5800,0.199520029,0.010536858,23.56834198,25.17145325,0.786658193,0.661128488,0.085423058,1511.152582
330,6000,0.144131435,0.000716475,23.64539638,25.31752067,0.789070664,0.700462379,0.082575062,1508.873009
331,6200,0.153473559,0.001662947,23.61774526,25.81311624,0.894551074,0.710632093,0.082834124,1502.3145
332,6400,0.163437021,0.020682815,23.79933903,24.79402788,1.044517315,0.569291135,0.085081594,1501.893379
333,6600,0.197995557,0.010321669,23.58121841,25.30189732,1.023920153,0.5476393,0.084364046,1515.859811
334,6800,0.165924554,0.008644571,23.65350512,25.41980158,0.970559621,0.540977642,0.084325858,1515.504743
335,7000,0.139086443,0.001337757,23.17265233,25.59472362,0.545920813,0.698818479,0.083866028,1513.764315
336,7200,0.08920155,0.007294995,23.66695991,25.34682356,0.733496212,0.820313784,0.083148041,1505.447266
337,7400,0.096831421,0.009021603,24.20698312,24.51789979,0.81356308,0.80719016,0.084965201,1471.523271
338,7600,0.129399921,0.008514455,23.65064671,25.36318546,0.924497721,0.644085002,0.081778891,1507.065644
339,7800,0.205206213,0.003220296,23.64732084,24.8993392,0.975764173,0.650089303,0.084915535,1512.754093
340,8000,0.28609744,0.000232854,23.8272745,24.79786353,0.914756601,0.501280525,0.084521507,1507.570786
341,8200,0.29690356,0.000802356,23.73689518,25.86532642,1.010944002,0.516201689,0.084751079,1502.807318
342,8400,0.282424114,0.001848391,23.28835719,26.06740644,0.896996622,0.521284174,0.083666782,1481.60731
343,8600,0.20813416,0.023333862,23.77497502,24.52978344,1.217896086,0.539143328,0.083715987,1493.18373
344,8800,0.200906705,0.028573627,23.95240426,25.06170062,1.114208821,0.618136922,0.083538268,1488.986257
345,9000,0.242088616,0.003518588,23.71687341,24.98132329,0.656717897,0.699378243,0.082975385,1519.316755
346,9200,0.235670106,0.002866179,23.71178493,25.48086575,0.620428883,0.620459345,0.083073633,1515.36091
347,9400,0.206920928,0.005978388,23.61331871,24.87474183,0.740469569,0.590253438,0.082167536,1502.839136
348,9600,0.164206876,0.0087191,23.73251039,24.90032484,0.898727438,0.725502832,0.084475652,1512.573361
349,9800,0.172526818,0.008480719,23.77886238,25.51198423,0.625635673,0.77304827,0.084549165,1512.638152
350,10000,0.150801998,0.013662343,23.88236596,24.75962257,1.058832897,0.678010714,0.082969381,1494.707169
351,10200,0.185038265,0.009766364,23.70903011,25.21654216,0.541477786,0.861961789,0.083369757,1510.042168
352,10400,0.245370606,0.004044291,23.55236608,24.83796522,0.504146181,0.829750204,0.08583038,1491.467789
353,10600,0.280746491,0.004882464,23.60276987,24.89299808,0.654211246,0.603835339,0.085690935,1499.340335
354,10800,0.291182361,0.006910384,23.7664616,24.90795101,0.858997154,0.555786232,0.084869845,1512.335209
355,11000,0.290809098,0.01354211,23.85240367,25.10011606,0.542666119,0.830143117,0.084755979,1491.287897
356,11200,0.297616625,0.000852775,23.5332749,24.89231398,1.164544468,0.577464548,0.087687221,1471.786775
357,11400,0.293925252,0.00684659,23.73625685,24.8496779,0.669298628,0.6765352,0.084718346,1519.642424
358,11600,0.297279422,0.001498972,23.68295794,25.10058431,0.790768529,0.5674989,0.083341809,1510.468497
359,11800,0.262458151,0.006314172,23.70176732,25.14920742,0.92807737,0.51637008,0.081673253,1509.753306
360,12000,0.250132536,0.00959603,23.7028124,24.51607377,0.589775778,0.841586621,0.083767962,1508.145125
361,12200,0.20991457,0.020573197,23.55410763,25.31093488,0.942368171,0.550518731,0.085533432,1498.181431
362,12400,0.267500836,0.003803189,23.73796306,25.66663594,1.093283926,0.575349476,0.082390103,1500.395377
363,12600,0.298440865,0.000257331,23.83511744,25.86334004,0.550235772,0.650670805,0.080904459,1459.829593
364,12800,0.27637725,0.014198977,23.99202984,24.79099657,0.593133827,0.891468402,0.085974093,1496.854017
365,13000,0.275705585,0.017959142,23.88321716,24.81637998,0.640276167,0.807413953,0.085096633,1504.342267
366,13200,0.267120497,0.004164157,23.74607235,24.44417679,0.731746101,0.658259611,0.085178982,1507.931391
367,13400,0.268356837,0.011357267,23.81671039,24.61904473,0.625323569,0.882152378,0.084103645,1513.272654
368,13600,0.26084263,0.008470442,23.47977944,25.67144001,1.020104272,0.600407283,0.082882384,1511.280672
369,13800,0.298584571,0.000598381,23.63466918,25.11923785,0.774075282,0.609066604,0.083369283,1520.380028
370,14000,0.252147917,0.00554922,23.49776534,25.37630393,1.005907601,0.57933113,0.083788125,1513.378511
371,14200,0.2331182,0.002340673,23.72455425,25.3517562,0.786450578,0.628985718,0.084410823,1518.239043
372,14400,0.200229254,0.001407188,23.68634087,25.6560558,0.868333144,0.59636831,0.082804197,1509.471808
373,14600,0.184072644,0.008484108,23.40874837,25.68356258,0.99550224,0.544721333,0.083394206,1518.757622
374,14800,0.179296715,0.006566809,23.74213597,25.34082996,0.741703961,0.612442709,0.083107809,1515.509833
375,15000,0.198094637,0.011920439,23.58358954,25.43825512,0.625630635,0.765216409,0.083352375,1508.72084
376,15200,0.245070266,0.00215149,23.67702113,24.27092715,0.620324803,0.845954898,0.081804928,1496.378013
377,15400,0.266196139,0.002635309,23.69005816,24.55300347,0.742177192,0.677533395,0.082850168,1513.127398
378,15600,0.247975366,0.007120947,23.7586831,24.96990639,0.884416253,0.641819913,0.082344623,1510.260719
379,15800,0.232139529,0.005521915,23.57090232,25.05353846,0.562493269,0.822398456,0.0816616,1502.949328
380,16000,0.21032336,0.01230136,23.71733896,24.66653213,1.154601501,0.54494239,0.086015081,1496.914867
381,16200,0.26026783,0.001953431,23.29261536,25.35892166,0.772820922,0.677639999,0.081971017,1506.868467
382,16400,0.182886609,0.009400182,23.61027202,25.82603816,0.888994717,0.585751058,0.084313176,1514.722177
383,16600,0.157675828,0.019321735,23.71850825,24.68739666,0.751331808,0.85817915,0.083779638,1495.876596
384,16800,0.124625429,0.010687333,23.58068193,25.85539832,0.957635712,0.608628008,0.083002184,1516.983116
385,17000,0.045657554,0.013266836,23.90897945,25.6239624,0.664472107,0.783127269,0.080955607,1482.98758
386,17200,0.002986091,0.012539214,23.35942801,26.46788391,0.719714957,0.562149647,0.086838054,1488.501646
387,17400,0.028537271,0.014609688,23.71990086,25.76232874,0.720691947,0.774502916,0.084446232,1508.622981
388,17600,0.070912457,0.010710266,23.45925215,25.80382271,0.537453951,0.684619043,0.083664047,1508.892416
389,17800,0.0033915,0.004185085,23.75427847,27.10726264,0.997921825,0.747170466,0.083436317,1492.844817
390,18000,0.047672701,0.008170204,23.59512448,26.87786512,0.860411948,0.542760068,0.084566325,1500.881365
391,18200,0.083707494,0.005566186,23.3282775,26.8411306,0.947670825,0.538864322,0.083176913,1513.742162
392,18400,0.043936284,0.014185763,23.52686651,25.96316898,1.195267636,0.556058856,0.084192266,1507.988244
393,18600,0.038094917,0.019135506,23.61082247,25.5015494,1.204450038,0.559506609,0.082044329,1502.122728
394,18800,0.086494532,0.001708597,23.61483426,26.25723808,0.622456314,0.819011026,0.081298319,1504.231199
395,19000,0.083367101,0.003636705,23.03137725,26.30178581,0.773526959,0.653412644,0.086689835,1491.635473
396,19200,0.047044648,0.016554317,23.79638478,25.6433486,0.808518738,0.761706131,0.082724636,1503.808628
397,19400,0.136213124,0.004807422,23.60441123,25.82700046,0.956194464,0.712579947,0.084282437,1505.832237
398,19600,0.126747035,0.010552968,23.19606298,26.06572198,1.086175082,0.525424748,0.082284417,1498.357725
399,19800,0.191626703,0.01722901,23.6300512,25.00715064,1.042099758,0.581815422,0.083768126,1512.646903
400,20000,0.214825335,0.015523243,23.50435731,25.62048335,0.639600946,0.776613582,0.083363593,1480.202232
401,20200,0.1914307,0.006674759,23.14228133,26.36864538,0.967729079,0.661695186,0.083838424,1468.722769
402,20400,0.252097727,0.006077149,23.71289969,25.1780877,0.905199067,0.53973067,0.083895128,1515.663093
403,20600,0.27165922,0.013022679,23.61503751,24.47994988,0.550171525,0.971414482,0.082807579,1500.499651
404,20800,0.256336127,0.013644746,23.75121644,24.77434154,0.711188172,0.752932631,0.084363525,1512.200901
405,21000,0.288579205,0.000305333,23.59785657,25.47531199,0.909061618,0.612259371,0.084612914,1511.271176
406,21200,0.202357592,0.004955223,23.66283532,25.53161074,0.9627688,0.575156206,0.084047724,1518.80443
407,21400,0.194007928,0.00881648,23.86804243,25.43102662,0.982280629,0.620593145,0.084290563,1509.672035
408,21600,0.269740907,0.00567907,23.34165297,25.72762821,0.962605528,0.513420054,0.082688211,1515.296668
409,21800,0.283208394,0.00224939,23.49417427,25.32696575,0.706942045,0.635484115,0.083783061,1518.529606
410,22000,0.281392182,0.001509467,23.20540352,25.7003169,0.925973813,0.526765819,0.084536497,1502.593318
411,22200,0.274002051,0.022014308,23.87614635,25.22074491,0.97787383,0.54272181,0.08363758,1492.309839
412,22400,0.261561138,0.009241675,23.69447897,25.27283732,1.085254705,0.569653008,0.084329831,1508.156799
413,22600,0.27127336,0.026324005,23.80029745,24.90452457,0.96274215,0.758096666,0.084743108,1494.367842
414,22800,0.26569146,0.01457001,23.69452084,24.81340783,0.649963487,0.884862262,0.082829765,1504.059764
415,23000,0.290134351,0.004592996,23.74360882,25.09340907,0.833788545,0.616322851,0.084213664,1513.941385
416,23200,0.287255572,0.003672718,23.27989163,25.25192847,0.737855788,0.670456099,0.081985461,1498.4034
417,23400,0.214296239,0.003640731,22.5477035,25.6147085,0.6186401,0.822285547,0.083898665,1418.194962
418,23600,0.134522365,0.006976449,23.14858849,25.90177719,1.121355363,0.572847811,0.087427587,1488.375813
419,23800,0.127324983,0.009405532,23.505992,25.54866942,0.817105627,0.640593454,0.083442769,1508.691703
420,24000,0.074839182,0.024800293,23.7986247,25.32796786,0.983942697,0.548839162,0.082013911,1488.839226
421,24200,0.065950203,0.014432746,23.92513295,25.24696763,0.919400701,0.591896115,0.08378568,1508.488164
422,24400,0.061455269,0.013377003,23.7884034,24.57165842,1.158444025,0.857452798,0.085668255,1474.875322
423,24600,0.048375075,0.019753239,23.72867111,24.39345256,1.061223436,0.611276133,0.084628626,1493.222657
424,24800,0.058721366,0.017057322,23.57813858,25.30417434,0.690404817,0.748540757,0.083552794,1509.276611
425,25000,0.022333888,0.025575299,23.86169925,25.07600364,0.791546034,0.755495823,0.082925378,1495.295643
426,25200,0.092953857,0.017633536,23.74390429,24.51065795,0.662087921,0.787932391,0.085148847,1505.951622
427,25400,0.108276535,0.002534588,23.8903668,24.72128407,0.741383634,0.622720967,0.083935094,1503.905548
428,25600,0.09737658,0.007395459,23.16623287,25.28462483,0.589393575,0.779041947,0.082519349,1485.543588
429,25800,0.073929781,0.012347979,23.7830628,25.05531842,0.538025382,1.003662417,0.085615395,1495.959392
430,26000,0.041352891,0.030020594,23.5500277,24.80086895,0.675799184,1.306704896,0.085197697,1468.913239
431,26200,0.030620473,0.015675627,23.71087429,25.47951951,0.566383806,0.979727367,0.081661049,1492.014809
432,26400,0.119856908,0.000516131,23.14436649,25.7410579,0.50867075,0.793774831,0.081683373,1510.156457
433,26600,0.125618795,0.002725905,23.28954698,26.35362548,0.858824501,0.541690259,0.083217374,1502.221134
434,26800,0.1055506,0.011669025,23.66685418,25.71421767,0.542186888,0.635088804,0.085786634,1504.776577
435,27000,0.096929903,0.007462623,23.67803612,26.19599634,0.675294846,0.711623618,0.08488554,1501.219762
436,27200,0.133280077,0.006751427,24.16367399,24.50662694,0.623994052,0.742020142,0.084985853,1491.023239
437,27400,0.101532028,0.009053956,23.60077989,24.91967453,0.997657235,0.611509806,0.082879368,1510.828024
438,27600,0.078057196,0.013762646,23.82514735,24.78574236,0.803385262,0.820531206,0.084352364,1505.677822
439,27800,0.101031529,0.031720412,23.60299847,24.07443728,1.062603189,0.573311403,0.085177382,1476.762882
440,28000,0.051712378,0.020776817,23.58135518,25.82818445,1.068276233,0.512738134,0.082390534,1504.735299
441,28200,0.14999983,0.003966019,23.13257671,26.58166696,0.858898362,0.583531259,0.082384576,1484.374414
442,28400,0.127940934,8.59E-05,22.68417929,27.55096634,0.89831414,0.544934064,0.085562509,1494.0599
443,28600,0.130293186,0.008764527,23.42154188,25.89091095,1.076523867,0.56584409,0.083858996,1509.329742
444,28800,0.090600953,0.002203939,23.78586539,26.05198605,0.845260059,0.565878326,0.083682954,1503.847425
445,29000,0.148650593,0.005158861,23.20639549,26.20705119,0.825523808,0.530599756,0.081733197,1495.367912
446,29200,0.096743482,0.035172278,23.98380047,24.41688947,0.654796093,1.042067704,0.084994244,1477.35665
447,29400,0.060042386,0.018762346,23.80031821,25.00394364,0.786253968,0.784585636,0.083747994,1510.839782
448,29600,0.047959808,0.011911796,24.02809745,23.87692884,0.528635763,0.977507846,0.087573462,1471.374972
449,29800,0.066232353,0.021871655,23.71551594,24.78395327,0.68366861,0.799399211,0.081959695,1485.31554
450,30000,0.047823484,0.010440156,23.34269648,26.25567908,0.645023663,0.762980019,0.083724619,1507.374193
451,200,0.134872177,0.003869202,23.47217626,25.62156782,0.61140869,0.780930303,0.082552415,1498.128569
452,400,0.183774806,0.003225991,23.17032739,25.50785617,0.620040118,0.7629536,0.08237021,1491.320531
453,600,0.167764529,0.02010933,23.73381254,25.06457863,0.764796568,0.698565565,0.084531052,1507.121564
454,800,0.213027836,0.01455033,23.34936372,26.14979335,0.92043301,0.558775335,0.084077397,1497.428226
455,1000,0.173662232,0.013390805,23.6455605,25.5802721,1.181188404,0.504478383,0.08361829,1507.136709
456,1200,0.170794702,0.005526085,23.40131934,25.63745071,0.934351428,0.569626835,0.08253662,1511.854998
457,1400,0.231763115,0.005772569,23.59553378,25.79376287,0.852122407,0.559460274,0.081541846,1511.780061
458,1600,0.27342187,0.013765039,23.75102767,25.6567958,0.578447265,0.616153768,0.086211214,1476.155392
459,1800,0.262273007,0.008289325,23.92200768,24.68668552,1.024162662,0.547513062,0.083914341,1513.07453
460,2000,0.26837913,0.00559338,23.3387132,25.10073881,0.851995699,0.685404435,0.085563648,1497.999285
461,2200,0.290063274,0.002870756,23.4881253,25.89413102,0.8477161,0.523700838,0.08675397,1484.965429
462,2400,0.280407056,0.007908849,23.32638163,25.90720791,0.990658099,0.51327439,0.085538465,1502.215664
463,2600,0.282084593,0.013071002,23.44058759,25.27711554,0.7903477,0.79930341,0.084278188,1503.8316
464,2800,0.286963658,0.000821418,23.75469931,24.94005303,0.515777904,0.888496485,0.083901615,1506.451577
465,3000,0.264099041,0.005175011,23.64588171,25.36142693,0.562459735,0.723837444,0.085572147,1515.485381
466,3200,0.244717006,0.009088468,23.74116105,25.15730669,0.852682166,0.564588923,0.084801239,1511.815196
467,3400,0.22318712,0.004200845,23.4365625,25.079634,0.643461465,0.742337283,0.084101191,1512.2712
468,3600,0.247643883,0.008079306,23.54672011,25.01684707,0.501159779,0.667205208,0.083033124,1515.275651
469,3800,0.22013287,0.020029148,23.66837171,25.41729277,0.991093539,0.589771051,0.083840862,1498.820641
470,4000,0.231364566,0.015975157,23.71429936,24.80119043,0.969975167,0.690204292,0.085255132,1506.214915
471,4200,0.214050366,0.013937038,23.68392364,24.94905792,0.55886018,0.75682659,0.083518259,1515.77988
472,4400,0.233784443,0.008692675,23.48476615,24.68370806,0.513093846,0.807665658,0.083560451,1507.607879
473,4600,0.200572214,0.006017608,23.72868676,24.97098819,0.696775356,0.704285668,0.083967145,1508.215897
474,4800,0.147798944,0.011700615,23.51905272,25.35130733,0.557915884,0.788126809,0.084892682,1507.877446
475,5000,0.148097793,0.002702766,23.94990054,25.771904,0.771615667,0.530508004,0.083737916,1511.073086
476,5200,0.146897572,0.010635237,23.53054259,26.35301533,0.546182836,0.684286898,0.083664173,1479.53366
477,5400,0.112700811,0.008987399,23.73980051,25.75846522,0.947330286,0.577019029,0.083351574,1511.410832
478,5600,0.070911841,0.0185416,23.74199534,25.80557865,0.642054939,0.892504515,0.083790481,1498.967334
479,5800,0.129909945,0.017421934,23.70971445,25.00856204,0.521744739,0.865629186,0.083299115,1507.567792
480,6000,0.154503074,0.005741556,23.6124059,24.9129359,0.584948191,0.61626271,0.085025267,1481.757772
481,6200,0.146027028,0.008740595,23.62415727,26.09999252,0.571159162,0.664853266,0.0889952,1476.062039
482,6400,0.133728673,0.000592014,23.72157984,25.98248292,0.80652432,0.554072575,0.084548892,1514.99374
483,6600,0.130313017,0.00335208,23.67701333,25.34428949,0.804548211,0.609614072,0.083666249,1511.488185
484,6800,0.125531255,0.005860241,23.43644286,25.56712575,1.015356812,0.606516996,0.083426423,1504.874171
485,7000,0.128575768,0.00302507,23.43174381,26.17666332,1.110115717,0.535283701,0.083315374,1491.455452
486,7200,0.145640473,0.01464621,23.56702361,25.17912378,0.915302771,0.598018436,0.084470439,1500.312007
487,7400,0.170744266,0.019210666,23.61608288,25.22262523,0.948185265,0.572504836,0.083692746,1505.33172
488,7600,0.298257684,0.012822747,23.84178943,24.40682557,0.882668455,0.701093761,0.081125909,1497.194563
489,7800,0.215015773,0.022690827,23.81634582,25.29211872,0.912282459,0.824988433,0.084637841,1498.002179
490,8000,0.265052289,0.013501058,23.90792497,24.89963985,0.988445318,0.630148329,0.082562202,1500.844584
491,8200,0.243838725,0.003108076,23.29896506,25.44285022,0.988920955,0.689012791,0.083087764,1497.371404
492,8400,0.278159274,0.014796737,24.04257171,24.73795222,0.982135526,0.62789454,0.084064398,1491.81596
493,8600,0.263348422,0.005052875,23.73590606,25.27749372,0.702825836,0.698222968,0.083818674,1511.776532
494,8800,0.214652439,0.019583491,23.84024379,24.40682437,0.592973189,0.789881742,0.084044153,1503.393056
495,9000,0.189359144,0.010819605,23.54089999,25.70258793,0.783521147,0.574543763,0.084249406,1512.566491
496,9200,0.168936978,0.018984403,23.70649523,25.60793164,0.613835591,0.781068908,0.083858357,1498.907237
497,9400,0.218713514,0.001371865,23.43091421,25.00394452,0.660948726,0.578666943,0.08328536,1504.670473
498,9600,0.153051042,0.005243836,23.99578281,25.38980573,0.890365417,0.859476588,0.081182948,1469.204647
499,9800,0.13380236,0.008732759,23.56605945,25.35841559,0.904860886,0.729554928,0.084319372,1512.226416
500,10000,0.131738759,0.012431824,24.14019463,24.26200802,0.547688186,0.781033515,0.081996473,1470.13305
501,10200,0.167133529,0.006132296,23.78095829,25.08510599,0.614219588,0.783963362,0.084539141,1518.781219
502,10400,0.141367189,0.009287619,23.57186838,24.99411046,0.823147754,0.545738956,0.083700932,1491.648382
503,10600,0.066271744,0.002026734,24.05253638,26.07815223,1.020589219,0.539417433,0.085760984,1504.325527
504,10800,0.080518636,0.00918654,23.50059637,26.08876711,1.046695019,0.606058187,0.083779078,1507.478408
505,11000,0.10629374,0.012471339,23.75136699,25.63457603,0.880990975,0.606385729,0.084071036,1515.859193
506,11200,0.182647814,0.008594065,23.58534756,25.72469267,0.946522882,0.521580562,0.086004963,1511.347735
507,11400,0.077210244,0.022368837,23.61936747,26.93113178,0.810820321,0.621013688,0.083240456,1381.697924
508,11600,0.113409019,0.010778599,23.01109189,26.01836567,0.714946924,0.582735838,0.083245587,1498.138701
509,11800,0.121837958,0.000670977,22.31686266,26.77957109,0.78087916,0.741232786,0.080601534,1490.900253
510,12000,0.129269888,0.000100485,23.55303658,26.00907135,0.764109656,0.583262848,0.081399008,1497.841481
511,12200,0.109745318,0.002927025,23.14955141,26.76096862,1.049466356,0.507861711,0.082024085,1509.758865
512,12400,0.044384852,0.007621118,23.32901765,27.36870275,0.94179344,0.505950054,0.085758227,1512.427838
513,12600,0.037219609,0.006712651,23.37375395,27.11107027,0.673970722,0.723534771,0.083849399,1518.45481
514,12800,0.001011709,0.010462584,23.37203742,26.9854185,0.544548913,0.982178098,0.083650748,1495.4477
515,13000,0.062716048,0.00086002,23.18666599,27.17044572,0.750363281,0.583629513,0.082686872,1485.914208
516,13200,0.079799821,0.017733447,23.57530545,26.37696787,0.94574077,0.514554568,0.083235298,1507.70357
517,13400,0.075560957,0.008479331,23.52993016,26.02407334,0.625620278,0.666133054,0.083655171,1511.379941
518,13600,0.0620085,0.011864882,23.82700784,25.11314177,0.585520986,0.793386072,0.083459523,1511.594015
519,13800,0.089964415,0.003851636,23.4945543,25.93424953,0.6231392,0.682128465,0.08337161,1520.399152
520,14000,0.139177782,0.006943631,23.4075743,25.20433464,0.539755534,0.897541734,0.083705491,1500.03507
521,14200,0.231543239,0.00194699,23.77522153,24.719096,0.503778115,0.696363904,0.082194814,1504.174222
522,14400,0.166775225,0.004297525,23.70082495,24.85318241,0.840210058,0.718312892,0.082655527,1509.269731
523,14600,0.165684112,0.015689785,23.43767002,25.17214494,0.540025365,0.88527631,0.083555957,1497.979453
524,14800,0.169620666,0.012997468,23.92518484,24.37382592,1.00243804,0.753633787,0.083074774,1499.887749
525,15000,0.210947709,0.005864898,23.80219185,25.75543735,0.944244649,0.531928232,0.082030969,1490.544478
526,15200,0.181202796,0.002960355,23.61622915,25.80559594,0.855147906,0.533930958,0.084469429,1517.155265
527,15400,0.170452621,0.002733426,23.6098452,24.96121845,0.83280912,0.658181741,0.082640309,1512.427849
528,15600,0.177562082,0.006815486,23.22951168,25.33053499,0.561595164,0.780404535,0.085118227,1503.918537
529,15800,0.169357714,0.004063769,23.67875847,25.20308081,0.617757671,0.721329853,0.08468197,1513.920421
530,16000,0.159430467,0.017159375,23.93995723,24.29510639,0.517693222,1.04890257,0.083017067,1492.094282
531,16200,0.152922415,0.010451611,23.6954994,25.23655478,0.680254298,0.857736924,0.082115432,1506.698745
532,16400,0.083746315,0.008603803,23.32345395,26.09087738,0.768315552,0.671109143,0.082163273,1503.280281
533,16600,0.127391968,0.00542881,23.56017528,25.82248111,0.584929259,0.666269239,0.085544871,1508.929784
534,16800,0.061249022,0.002730501,23.92583945,26.22980914,0.808877563,0.625964976,0.083819973,1503.665487
535,17000,0.07731588,0.006823401,23.65583701,26.15958634,0.612228322,0.693169484,0.086603303,1508.005756
536,17200,0.067547744,7.20E-05,23.33081449,27.52188908,0.720356222,0.735148442,0.087979595,1457.117281
537,17400,0.0880375,0.004037178,23.70149436,26.70586669,0.597409041,0.524421012,0.085794692,1493.548083
538,17600,0.069686701,0.00620594,23.24549674,25.71564285,0.954779099,0.760529163,0.084749203,1495.149298
539,17800,0.103965528,0.006644905,23.68065555,25.30349523,0.526403547,0.752903045,0.082749737,1508.404761
540,18000,0.101521615,0.006906639,23.38127304,25.94412605,0.572116005,0.711977296,0.084368818,1515.899051
541,18200,0.103896783,0.00389433,23.27786361,26.5641684,0.860831242,0.52995817,0.082638194,1519.180184
542,18400,0.080874465,0.011485005,23.63934568,25.89451828,1.062213591,0.55729492,0.082974516,1508.933197
543,18600,0.068025252,0.01512142,23.74371055,25.71447809,0.976544508,0.577236718,0.083384247,1515.662068
544,18800,0.13737348,0.01307664,23.35130327,25.0898735,0.849318101,0.693410098,0.084804824,1503.754033
545,19000,0.221802097,0.004714771,23.50062752,25.4409821,0.64782183,0.798607324,0.081612451,1504.611798
546,19200,0.269087104,0.002190277,23.86303251,25.31918073,0.555686929,0.780843104,0.08508701,1515.143914
547,19400,0.231495799,0.005357869,23.6226123,24.78787221,0.864942268,0.570563849,0.085999232,1507.443906
548,19600,0.199695053,0.01666616,23.87712317,25.04513624,0.55011392,1.081467865,0.081179807,1485.684693
549,19800,0.198805483,0.002554789,23.68506671,25.30442342,0.655868368,0.719741255,0.083580111,1519.038264
550,20000,0.188110705,0.005108686,23.85573301,25.57647035,0.787671844,0.656002132,0.08492119,1491.259918
551,20200,0.225164276,0.046794924,23.71325859,24.62470234,0.839243862,0.600945131,0.081277607,1457.374959
552,20400,0.215090171,0.008879864,23.59510478,25.51952231,0.620112919,0.604027038,0.085844615,1507.338733
553,20600,0.239814859,0.000888617,23.9196559,24.48352588,0.534742486,0.707084806,0.085180818,1497.557245
554,20800,0.201752814,0.002152483,23.94663862,24.65867963,0.815509532,0.592406692,0.085546147,1506.811127
555,21000,0.141449882,0.004328658,23.72809557,25.23066584,0.614617973,0.816816934,0.081883466,1509.640065
556,21200,0.138592785,0.014565121,23.89313226,24.88012656,0.907554058,0.723671754,0.082351096,1499.92081
557,21400,0.167555204,0.002100386,23.35172744,25.67901573,0.819267101,0.677242603,0.085350803,1510.204853
558,21600,0.110321311,0.008855586,23.28288025,26.07230682,0.669358176,0.72778694,0.083326919,1502.163864
559,21800,0.233957973,0.00508109,23.57395389,25.05762556,0.608167507,0.651538594,0.084409291,1512.813089
560,22000,0.176674189,0.021886295,23.78992534,25.1025887,1.163497285,0.587492841,0.083384325,1489.701616
561,22200,0.17995005,0.00451594,23.83525514,24.88516839,0.860753658,0.566769599,0.084272213,1506.517733
562,22400,0.126606778,0.018986703,23.565283,25.03367245,0.741863559,0.946090945,0.0840944,1501.15612
563,22600,0.118985822,0.021506404,23.82496696,25.31833939,0.608383163,0.904100222,0.085964516,1493.263023
564,22800,0.098561647,0.004759181,23.66625761,25.3033893,0.693060675,0.865711678,0.084949873,1509.20132
565,23000,0.199248074,0.008147855,23.60225337,25.04690659,0.838746185,0.589754958,0.083595596,1513.208362
566,23200,0.165921231,0.000545302,23.81947944,25.38084208,0.774420413,0.691000222,0.085323787,1497.524909
567,23400,0.199366623,0.015751185,23.39871377,24.57879793,0.665400534,0.840395843,0.084232688,1477.653268
568,23600,0.203101591,0.000393167,23.35726377,25.54870694,0.918831237,0.636663572,0.085187198,1504.480217
569,23800,0.176123806,0.000783187,23.25049101,25.46831827,0.587762851,0.743934717,0.086391772,1500.335355
570,24000,0.133258538,0.005661108,23.53584816,25.86965908,0.699138247,0.82342399,0.08247221,1495.381757
571,24200,0.143157343,0.014581686,23.42767531,25.12910181,0.686145173,0.844054256,0.085374734,1508.889346
572,24400,0.1497829,0.002258837,23.49093667,25.70577987,0.77774807,0.589186503,0.083231478,1511.182295
573,24600,0.198083133,0.006494341,23.55191029,25.23706154,0.699044237,0.807191619,0.082535204,1503.677187
574,24800,0.279579805,0.002478424,23.44407283,25.2573452,0.729188862,0.698110305,0.084692385,1515.58634
575,25000,0.286508967,0.006695936,23.60750921,24.80824918,0.632163105,0.856454683,0.086084043,1502.040103
576,25200,0.287561136,0.002542552,23.75999139,24.0873032,0.818381166,0.685764128,0.083937727,1485.446484
577,25400,0.262074861,0.017728894,23.94939272,24.48801756,0.898615651,0.679426178,0.081270702,1497.555726
578,25600,0.253382727,0.011659079,23.51564651,25.8090977,0.888161288,0.541251704,0.08468705,1497.076241
579,25800,0.236983696,0.003321438,23.56564824,25.23857362,0.564683259,0.732216632,0.08384977,1518.135454
580,26000,0.252053948,0.003671807,22.89846585,25.8704357,1.165354104,0.598754265,0.084731672,1481.197518
581,26200,0.240931791,0.01037974,23.4372516,25.42030023,0.909197055,0.541759087,0.083982579,1514.691708
582,26400,0.290589838,7.75E-05,23.59061199,25.78688052,0.707060464,0.655049472,0.083366612,1498.387993
583,26600,0.227932544,0.008411238,23.78254836,25.16274732,0.730358874,0.727697037,0.084470563,1506.968101
584,26800,0.236431249,0.008511125,23.5579334,25.52945479,0.748301252,0.613186024,0.083070934,1514.723814
585,27000,0.239368452,0.001338236,23.90438513,25.24661642,0.818893441,0.698786204,0.084805431,1516.790869
586,27200,0.181269822,0.003384008,23.6585042,25.33912459,0.576221634,0.745905557,0.081996103,1512.378041
587,27400,0.159399856,0.015376602,23.95254737,25.3935225,1.08187151,0.517664406,0.08220207,1486.293758
588,27600,0.160199932,0.000767295,23.08616954,26.53427787,0.701823531,0.566921774,0.082697081,1499.025362
589,27800,0.157443811,0.00247926,22.87719402,26.73599019,0.891748378,0.53407645,0.085132985,1505.08491
590,28000,0.168955513,0.013744638,23.69250464,26.15302876,0.959625562,0.536559973,0.085491039,1495.147124
591,28200,0.216497161,0.008596061,23.7285039,25.42379658,0.9941083,0.535814058,0.084260885,1514.832965
592,28400,0.217679532,0.000912406,23.04666491,26.56593885,0.854294065,0.51933763,0.086548648,1494.656126
593,28600,0.233544692,0.014374577,23.56010207,25.49613452,0.81998667,0.626623642,0.084028856,1507.680205
594,28800,0.254808879,0.003839009,23.31218967,25.45609774,0.837758539,0.570698768,0.083990818,1513.289932
595,29000,0.19251609,0.011419945,23.41646251,25.68978395,0.997863263,0.512322691,0.085923568,1506.072778
596,29200,0.192552724,0.005326109,23.40551889,25.02759247,0.754002145,0.626642766,0.081558678,1501.190792
597,29400,0.063962442,0.006286008,23.40509299,26.57653338,1.061509195,0.528574463,0.085661027,1505.791744
598,29600,0.08857025,0.009438319,23.74910159,26.19944394,1.011462281,0.557822411,0.086728802,1498.693753
599,29800,0.045913059,0.018158453,23.31407138,26.39495011,1.093309573,0.563852009,0.08411654,1502.69103
600,30000,0.063316946,0.002816453,23.92323264,25.96922907,0.912982375,0.580767245,0.078224471,1462.505013
601,200,0.200918544,0.0182831,23.96800139,24.78372071,0.832984122,0.650119684,0.083481809,1498.655206
602,400,0.170052272,0.023113574,23.76103234,24.17843424,0.902992084,0.868820096,0.081486737,1485.401883
603,600,0.074904314,0.020856415,23.8122874,24.65686447,1.106627422,0.811893977,0.083842467,1488.111814
604,800,0.073111275,0.013365343,23.4864385,25.27120476,0.554147274,0.799119574,0.084750505,1501.370066
605,1000,0.054938962,0.007924232,23.47872061,26.18309046,1.035342281,0.601994517,0.08400948,1514.523512
606,1200,0.093036146,0.010225097,23.74008831,25.64465552,0.858680865,0.608104289,0.084093319,1512.325324
607,1400,0.072471125,0.002641354,23.70497154,26.34823957,0.752259781,0.747173903,0.086975779,1496.603191
608,1600,0.010078304,0.011202187,23.4240919,27.26295714,1.173612728,0.678163163,0.083256279,1485.122847
609,1800,0.043461934,0.009153681,23.4635464,26.40665773,0.796022567,0.584461887,0.084933026,1505.314226
610,2000,0.110240629,0.00640739,23.37413781,25.83060371,1.090801092,0.536753418,0.08310013,1507.330135
611,2200,0.148962056,0.003743135,23.14230053,26.03650998,0.812800876,0.537226229,0.079376821,1478.737025
612,2400,0.071062231,0.004061666,23.59709065,26.27667786,0.978464289,0.567700074,0.082506988,1509.278097
613,2600,0.101320894,0.000587606,23.29359115,25.92589673,0.683660159,0.868869364,0.081521277,1434.348545
614,2800,0.117594026,0.010260062,23.59687554,25.3551477,0.589763724,0.755651473,0.086067767,1502.08422
615,3000,0.122331061,0.006324186,23.75674731,25.11824122,0.972544918,0.684274095,0.083106625,1502.990457
616,3200,0.169778536,0.018611829,23.58516571,25.28266553,0.615382356,0.697425168,0.084871903,1496.605483
617,3400,0.138663185,0.002932124,23.73631524,24.77258536,0.627174687,0.849457993,0.085766113,1498.477234
618,3600,0.196684465,0.007823173,23.79473234,25.0782384,0.739738309,0.745390911,0.083931934,1516.098542
619,3800,0.20856887,0.010733909,23.40492887,25.21528686,0.709114215,0.743218653,0.085525181,1511.307502
620,4000,0.137605675,0.02642912,23.69425576,24.826301,1.024177022,0.639652499,0.085210683,1496.429191
621,4200,0.154802035,0.006019017,23.53664533,25.55731122,0.823497273,0.689050583,0.084708182,1513.385422
622,4400,0.145192947,0.009106352,23.58771637,25.93665484,0.982525462,0.597092777,0.084223418,1514.945722
623,4600,0.204732279,0.02008035,23.67843456,24.74404887,1.004582099,0.605472544,0.083098924,1501.51568
624,4800,0.245931454,0.025029279,23.94056941,24.28719946,0.995749157,0.604310631,0.084516014,1489.213844
625,5000,0.248861237,0.012591136,23.73211239,24.44928198,1.019566615,0.555375109,0.08295001,1503.17836
626,5200,0.226918965,0.002749,23.41346698,25.9272154,0.935264786,0.63821022,0.082626501,1503.617488
627,5400,0.223383381,0.001037813,23.51237223,25.73295425,0.79051184,0.634269878,0.084937565,1518.413451
628,5600,0.250413462,0.012016603,23.88584535,24.24449485,0.640708588,0.932856792,0.083402231,1497.678526
629,5800,0.279613677,0.006100878,23.80106737,24.54341894,0.503790233,0.791897257,0.086847465,1505.832684
630,6000,0.262824539,0.003110171,23.66373877,25.7447374,0.692398007,0.5811816,0.08286074,1497.266896
631,6200,0.213913328,0.011706112,23.75428943,25.79441733,1.055847225,0.523606298,0.082206625,1502.030513
632,6400,0.232537577,0.007369668,23.40785137,25.25276695,0.890468695,0.585252622,0.085793245,1509.807983
633,6600,0.223930801,0.016036766,23.62622936,25.08785917,1.043504326,0.510858345,0.082965642,1511.308373
634,6800,0.197628386,0.010819988,23.75699303,25.50385653,0.976401509,0.502183932,0.084112298,1514.80454
635,7000,0.191966903,0.002680447,23.57724302,25.86095571,0.833182996,0.69454454,0.081959665,1506.194602
636,7200,0.166400667,0.007718218,23.58823442,26.0274041,1.037968721,0.564736274,0.08662436,1500.144547
637,7400,0.095573894,0.01086547,24.07892656,25.48574071,0.849462712,0.836446407,0.084478308,1493.842234
638,7600,0.11424538,0.011710375,23.58189119,24.23281032,0.887228441,0.930552085,0.083869841,1466.18815
639,7800,0.136289052,0.01291256,23.69433337,25.02523329,0.562167279,0.838631008,0.084107301,1514.526542
640,8000,0.141951473,0.001392482,24.18012143,24.26855506,0.544094077,0.786834749,0.080868895,1482.997395
641,8200,0.141171093,0.010242738,24.01091673,25.26041548,0.569275124,0.563063167,0.082113451,1459.389699
642,8400,0.160800221,0.006882495,23.80045614,25.69221669,0.684522813,0.649661421,0.081426814,1500.23034
643,8600,0.158616994,0.020322867,23.90446549,24.5966108,1.029946468,0.768960376,0.083327397,1491.916375
644,8800,0.143402304,0.003977674,23.46958132,25.3298295,0.817773829,0.632382234,0.085043479,1512.390066
645,9000,0.188113986,0.022403619,23.55389458,24.24888262,0.950472657,0.767504395,0.082965472,1481.80253
646,9200,0.153910712,0.009225816,23.89319344,24.76771866,0.7691983,0.603684466,0.082951679,1501.860039
647,9400,0.196214695,0.016095634,23.81776859,24.85890815,0.505045177,0.830396154,0.083466194,1511.345733
648,9600,0.159809282,0.003806605,23.31236128,25.63579437,0.875043704,0.637040683,0.086092947,1502.110025
649,9800,0.173489859,0.007938504,23.64779875,25.74002364,0.935003055,0.597144244,0.082724451,1513.60413
650,10000,0.209051014,0.009195704,23.52538219,25.5861539,0.866158674,0.557658642,0.085879391,1513.37584
651,10200,0.206725846,0.004210627,23.34670185,25.12497654,0.670789578,0.807912023,0.083754241,1505.937017
652,10400,0.239648837,0.017531869,23.63367091,25.04330653,0.792913365,0.591625042,0.085196633,1504.544072
653,10600,0.214030357,0.005653159,23.88467138,25.68657059,0.748726587,0.955665941,0.081652083,1456.647244
654,10800,0.230007003,0.013475209,23.89816679,24.46655091,0.783329171,0.822255665,0.084548682,1498.487678
655,11000,0.263812704,0.003022017,23.42856383,25.23389837,0.879767553,0.727590646,0.084776138,1501.258531
656,11200,0.261579481,0.014214627,24.07646154,24.30864904,0.720709583,0.767368944,0.083255298,1499.001934
657,11400,0.270071089,0.004488473,23.54274159,25.59010382,0.576901065,0.556497615,0.086068224,1491.303563
658,11600,0.267541937,0.009236974,23.77878236,24.55342171,0.545491902,0.814040928,0.083645442,1512.029265
659,11800,0.238645296,0.00313165,23.65955112,24.75792123,0.763521052,0.759982587,0.084558592,1512.837893
660,12000,0.243503417,0.009922649,23.90717558,24.40630439,0.687007765,0.626891297,0.085574217,1498.551414
661,12200,0.233792825,0.008559984,23.74901168,24.61654683,0.803876985,0.76197142,0.085762285,1506.833078
662,12400,0.204378232,0.003342794,23.53651215,25.83334948,0.799437409,0.549000661,0.083956783,1519.275338
663,12600,0.217095234,0.005144141,23.6626632,25.34273048,0.853808138,0.62727803,0.084414102,1520.62981
664,12800,0.226677116,0.004130632,22.33616808,26.5182166,1.085719821,0.680099962,0.083969303,1419.392882
665,13000,0.294411938,0.001417243,22.56744804,26.28381185,0.753901003,0.642811975,0.084325958,1466.175572
666,13200,0.298727386,0.001967888,22.48967603,26.62054719,0.72698919,0.64950981,0.083844713,1484.928297
667,13400,0.281646276,0.015274996,23.47122927,25.45240518,0.854886776,0.625477076,0.082798521,1494.71907
668,13600,0.285123088,0.002825842,23.71051742,25.06875549,0.842791426,0.520668515,0.084325743,1518.756176
669,13800,0.291198368,0.011108543,23.85487982,24.50239516,0.945576684,0.598015863,0.084968265,1507.378563
670,14000,0.254988854,0.00964042,23.18310312,24.58646766,1.205555432,0.654631233,0.083849558,1466.575426
671,14200,0.283323684,0.019415119,23.68237427,25.13798321,0.663383899,0.744185292,0.084840951,1507.469231
672,14400,0.25260649,0.007253069,23.74091962,25.68953037,1.040139852,0.599293992,0.0871595,1494.031552
673,14600,0.221671281,0.004849401,23.77162274,25.63657201,0.980945929,0.599988927,0.083902318,1513.531096
674,14800,0.225208664,0.00816457,23.75101572,25.37749509,0.853177812,0.718775049,0.082038552,1507.399648
675,15000,0.272903428,0.004151708,23.77659064,24.45674063,0.640146803,0.759231798,0.082888655,1510.118672
676,15200,0.266548503,0.011545881,23.76340835,23.6205449,0.550419553,0.880176404,0.081622479,1469.289194
677,15400,0.201191084,0.010203191,24.05102526,24.68422826,0.958593992,0.584109743,0.083676888,1501.72943
678,15600,0.181846371,0.026614012,23.58854088,25.10802037,0.771752496,0.804655688,0.083576587,1506.680703
679,15800,0.28042734,0.008894867,23.57020338,24.83226728,0.56154164,0.790494977,0.084234843,1517.388045
680,16000,0.239170401,0.02808468,23.89641776,25.30261557,0.735093627,0.741512918,0.085661805,1453.005883
681,16200,0.227886601,0.014067035,23.73485525,25.46261663,1.029925061,0.507199302,0.082094173,1506.305491
682,16400,0.219203992,0.000840377,24.02418166,25.16396708,1.035374041,0.505068487,0.083177743,1506.2114
683,16600,0.280700104,0.00419108,23.51011943,25.3452536,0.839465632,0.607396806,0.082823115,1511.608829
684,16800,0.268157223,0.033894009,23.77198976,24.3769224,0.831984338,0.854509261,0.083609744,1494.60363
685,17000,0.285265115,0.004389878,23.66985941,25.44351057,0.920555409,0.551948763,0.084081485,1518.253651
686,17200,0.275374385,0.003968763,23.84264884,25.20455933,0.990192012,0.53445676,0.085581442,1508.313024
687,17400,0.263671242,0.004092635,23.35170251,25.46583531,0.851046806,0.589569891,0.083121481,1507.986725
688,17600,0.257796482,0.015530011,23.54438543,24.89530011,1.133363515,0.622070626,0.081943499,1495.324632
689,17800,0.276952115,0.006528044,23.72337935,24.96407679,0.877834035,0.69169463,0.083761482,1513.772439
690,18000,0.284123657,0.016493691,24.04198972,25.07903118,1.028436707,0.590239676,0.08301398,1485.114173
691,18200,0.214297805,0.013741612,23.8216169,24.87934487,0.908788959,0.62616639,0.084119269,1514.072029
692,18400,0.29465426,0.004623633,23.76128838,24.74878867,0.732707327,0.656846146,0.084087808,1518.485885
693,18600,0.22725459,0.004024461,23.64186114,24.93723611,0.666581651,0.686570488,0.085633077,1514.018549
694,18800,0.202283672,0.011590611,23.68653365,24.70798592,0.987276483,0.676236445,0.081985818,1494.304679
695,19000,0.167792581,0.002060992,23.70753655,25.33875173,0.939990765,0.554643399,0.084845274,1508.901354
696,19200,0.213658376,0.012894459,23.81487211,25.31669842,0.558623411,0.767806278,0.082602145,1510.783196
697,19400,0.260486686,0.012455765,23.92747221,24.87598846,0.60336803,0.825111746,0.080534892,1484.94329
698,19600,0.262690623,0.014528758,23.68840553,24.5379759,0.575371262,0.786802731,0.086455446,1493.868008
699,19800,0.242879409,0.008361989,23.54306018,24.69280761,0.855331618,0.753312561,0.086141928,1505.057657
700,20000,0.298286791,0.00372476,23.74093921,24.4301327,0.863082957,0.687779256,0.083945661,1509.611068
701,20200,0.290753445,0.006878739,23.5046949,25.69794753,0.864865017,0.59634777,0.08509593,1501.248974
702,20400,0.293538447,0.005014873,23.85198808,24.8266014,0.866120715,0.867960312,0.084040715,1502.564534
703,20600,0.286746124,0.009898455,23.72772927,24.60102504,0.720073474,0.854413748,0.085067401,1506.242943
704,20800,0.250184414,0.002911353,23.83994773,24.79567884,0.766851849,0.715139836,0.08353409,1517.700777
705,21000,0.268051727,0.006040883,23.43315566,25.19139977,1.124316111,0.59750044,0.081560973,1497.285317
706,21200,0.29193807,0.003528705,23.54186928,24.88340173,0.687176884,0.64686523,0.084035008,1519.508247
707,21400,0.284602211,0.009439021,23.63657494,25.20135139,0.536102693,0.725352398,0.08298023,1510.72012
708,21600,0.243705079,0.002117099,23.72549128,25.13086905,0.610482098,0.745213351,0.083401324,1519.196148
709,21800,0.261941061,0.003521857,23.51218636,25.23847793,0.69483422,0.696528494,0.088667157,1483.805165
710,22000,0.260922716,0.006053193,23.48476575,25.39708878,0.73978198,0.683948956,0.082451856,1501.134104
711,22200,0.28992608,0.007173995,23.463477,24.64703747,0.795288789,0.61870723,0.083612111,1511.875266
712,22400,0.288030861,0.001181491,23.7518908,24.81731977,0.719775416,0.652721212,0.083847371,1513.371476
713,22600,0.266409686,0.030325329,23.73401962,24.52602868,1.037624973,0.64804976,0.082814765,1500.834739
714,22800,0.255714117,0.00161368,23.27605923,26.26025818,0.820182641,0.563580336,0.085365783,1507.544817
715,23000,0.269908664,0.005750465,23.66911899,24.79122339,0.616159512,0.806873925,0.085504261,1510.544584
716,23200,0.156927746,0.011378132,23.82100369,25.24658854,0.652670402,0.8134219,0.083789689,1504.906313
717,23400,0.118502232,0.016687422,23.89623451,25.5699191,1.06060208,0.5607212,0.082402,1491.386441
718,23600,0.246801814,0.012881509,23.94910919,24.87975919,0.926051139,0.588917366,0.082118116,1500.215509
719,23800,0.22691979,0.010013719,24.0097227,25.33944889,0.662155762,0.706576689,0.08295847,1487.769536
720,24000,0.192391651,0.002490261,23.37030343,25.60771069,0.932862126,0.593957979,0.083438665,1516.02555
721,24200,0.198821552,0.012565356,23.56707204,24.56718443,0.605000278,0.74520823,0.084351501,1490.678417
722,24400,0.100938271,0.017364453,23.71050249,24.73522861,0.682364735,0.915245443,0.08065279,1491.721928
723,24600,0.122462523,0.007679315,23.41735549,25.54786816,0.830402465,0.651307066,0.085188664,1512.513569
724,24800,0.180577023,0.010187676,23.68567333,25.45794553,0.900126849,0.532516434,0.084495745,1515.014146
725,25000,0.175581496,0.00708591,23.90829072,25.33344743,0.753725186,0.606038269,0.086637703,1498.742741
726,25200,0.154361572,0.017899543,23.74403875,24.34975245,0.88048242,0.771808956,0.082110868,1492.76387
727,25400,0.162072437,0.004712276,23.69191657,26.19093433,0.696204592,0.559544642,0.08354484,1496.220637
728,25600,0.181292935,0.0032346,23.64647428,26.12599483,0.799405844,0.538763366,0.083208993,1512.405091
729,25800,0.210558568,0.001292829,22.77105079,27.21324357,1.034534404,0.544918748,0.08647849,1491.855092
730,26000,0.241689133,0.003999941,23.41764077,25.68056471,0.500121838,0.677594793,0.08588895,1511.821662
731,26200,0.171477439,0.025434599,23.6139768,24.96937141,1.045363661,0.592232416,0.0848821,1505.119133
732,26400,0.182916214,0.013666349,23.94276013,25.29681529,0.964372482,0.570345746,0.083884091,1496.563479
733,26600,0.229970141,0.011387499,23.48112155,25.39153393,0.682317032,0.614932658,0.083482363,1507.897086
734,26800,0.212344177,0.004336901,23.57227005,25.49360723,0.90294755,0.564932406,0.084277679,1508.633705
735,27000,0.192627577,0.005529576,23.86092701,25.34727213,1.04246958,0.510648772,0.082035545,1501.539076
736,27200,0.181794293,0.014038766,23.64521198,25.22275526,0.974364407,0.521609957,0.084014642,1506.534849
737,27400,0.199870092,0.004167824,23.20509346,25.65421675,0.896284181,0.583602838,0.084603787,1512.469615
738,27600,0.234749972,0.012234138,23.45102345,25.44060444,0.671733132,0.544476175,0.084228936,1491.125859
739,27800,0.186964806,0.005124581,23.55657087,25.03463355,0.939304003,0.699534108,0.084844989,1508.713461
740,28000,0.219636924,0.001195347,23.48761508,25.23581178,0.619368761,0.693116477,0.083005748,1518.339046
741,28200,0.171948548,0.007637449,23.62230563,25.3470998,0.710354611,0.766370037,0.084461631,1510.503303
742,28400,0.121274805,0.008930461,23.55830197,24.92721099,1.006583165,0.62893763,0.084726994,1498.271739
743,28600,0.070344756,0.005426985,23.59923042,26.20920353,0.946740923,0.622780978,0.084474653,1512.131106
744,28800,0.041635956,0.009444696,23.6039635,26.63050167,1.036707305,0.596422715,0.083766962,1505.387224
745,29000,0.049506234,0.006394638,23.50430854,26.26757468,1.150878986,0.511656975,0.083862362,1508.659826
746,29200,0.08341239,0.009695397,23.44918572,25.96130011,0.520872856,0.683053192,0.083564974,1511.116011
747,29400,0.048781082,0.003102798,23.46176423,26.97633849,0.69781509,0.613557515,0.083924861,1508.323393
748,29600,0.030637854,0.010161875,23.25314493,26.52397498,0.732251113,0.566681116,0.082202412,1513.3183
749,29800,0.050195079,0.006583003,23.21825646,26.10527302,0.649731617,0.843080853,0.083574807,1495.54437
750,30000,0.073159931,0.007635232,23.64653091,25.52077573,0.563861696,0.802485503,0.084525962,1516.619112
